{"train_loss": [1.7444058534527231, 0.5801357908310792, 0.4189581479422578, 0.36066497893515415, 0.3265573269623003, 0.30695234267391097, 0.2930886503431696, 0.27962601509021723, 0.2722404855500123, 0.2617690142840205, 0.2578680554692803, 0.2520748243394031, 0.2477150548196079, 0.24575506777425737, 0.24382516859818779, 0.2416031697908606], "train_accuracy": [0.09681052701696168, 0.40313497278017646, 0.5107123176514046, 0.5547060925171221, 0.5824406401957163, 0.5983032270175672, 0.6102387714443159, 0.6196703343284666, 0.6263405536009495, 0.6349818635436032, 0.6378582631390906, 0.6420033063456403, 0.6450916511744794, 0.6464753507693612, 0.6481466903237918, 0.6502510037120693], "val_loss": [0.6184986648913876, 0.9637208138087955, 0.282733707928067, 0.273711487558604, 0.24081828982652895, 0.23880069467582202, 0.30069184879954014, 0.2420144324701268, 0.22542499732399135, 0.2152054701058119, 0.2115559369417905, 0.20568624554034726, 0.2654827001386383, 0.20724777439061334, 0.1999061972179649, 0.19981375980211116], "val_accuracy": [0.37680176360861456, 0.11165483659972383, 0.6237311950386395, 0.6269773977082778, 0.6562901233072507, 0.6584219578962669, 0.60813004190993, 0.6620557668548173, 0.6711887400373071, 0.679837205358657, 0.6821628430921292, 0.6877589088882967, 0.6377334722255869, 0.6869352455243586, 0.6923859589621841, 0.690375251338453]}